"Title","Media URL","Pinterest board","Thumbnail","Description","Link","Publish date","Keywords"
"Find Your Main Water Shutoff Valve Before You Need It","https://plazzers.github.io/links/pins/walter/001-find-main-water-shutoff.jpg","Winter Home Prep","","Do you know where your main water shutoff valve is? Most homeowners don't until a pipe bursts. Look where the water line enters the house — often in the basement, crawlspace, utility room or near the water heater. Turn it gently to make sure it moves, then hang a bright tag on it so anyone in the family can find it fast. A simple home maintenance habit that can save your floors. More easy home checks on Walter's page.","https://plazzers.github.io/links/walter/?utm_source=pinterest&utm_medium=pin&utm_campaign=find-main-water-shutoff","2026-10-10T13:00:00","main water shutoff valve, burst pipe, home maintenance tips, winter home prep, plumbing basics, new homeowner tips"
"Fresh Paint in One Spot? What Home Buyers Should Ask","https://plazzers.github.io/links/pins/walter/022-fresh-paint-one-spot.jpg","Buying a House: Red Flags","","A whole house freshly painted for sale is normal. A single fresh patch on a ceiling, a basement wall, or under a window is worth noticing. It can be covering an old water stain. Ask the seller what happened there and whether it was repaired, and point it out to your home inspector. One of the easy-to-miss house hunting red flags from Walter's Home Check.","https://plazzers.github.io/links/walter/?utm_source=pinterest&utm_medium=pin&utm_campaign=fresh-paint-one-spot","2026-10-10T17:00:00","house hunting red flags, buying a house tips, home inspection, water stain, first time home buyer, home showing tips"
"Clean Your Dryer Vent — Not Just the Lint Screen","https://plazzers.github.io/links/pins/walter/003-clean-dryer-vent.jpg","Home Maintenance Checklists","","The lint screen catches most of it, but lint still builds up inside the dryer duct and the outside vent. Signs it's clogged: clothes take longer to dry, the dryer feels very hot, or the outside flap barely moves when it runs. Unplug the dryer, disconnect the duct, and clean it with a vent brush, then check the outside flap. Easy home maintenance that keeps your dryer working well. More simple checks on Walter's page.","https://plazzers.github.io/links/walter/?utm_source=pinterest&utm_medium=pin&utm_campaign=clean-dryer-vent","2026-10-10T21:00:00","dryer vent cleaning, dryer lint, laundry room, home safety, home maintenance tips, fire prevention"
"Foundation Cracks — Which Ones Buyers Should Worry About","https://plazzers.github.io/links/pins/walter/021-foundation-crack-direction.jpg","Buying a House: Red Flags","","Not every foundation crack is a problem. Thin vertical hairline cracks are common as concrete cures. Cracks that run horizontally, step diagonally through block, are wider at one end, or have one side pushed out deserve a closer look by a structural engineer before you buy. Take photos and ask the seller what they know. A house hunting tip from Walter's Home Check, with more buyer checks on the page.","https://plazzers.github.io/links/walter/?utm_source=pinterest&utm_medium=pin&utm_campaign=foundation-crack-direction","2026-10-11T13:00:00","foundation cracks, house hunting tips, buying a house, home inspection, first time home buyer, structural problems"
"How to Test Your Sump Pump in 2 Minutes","https://plazzers.github.io/links/pins/walter/005-test-sump-pump.jpg","Home Maintenance Checklists","","The worst time to find out your sump pump doesn't work is during a storm. Test it: slowly pour a bucket of water into the sump pit. The float should rise, the pump should switch on, empty the pit and shut off by itself. Check that the discharge pipe outside is clear and drains away from the house. Simple basement waterproofing habit for every season. More basement checks on Walter's page.","https://plazzers.github.io/links/walter/?utm_source=pinterest&utm_medium=pin&utm_campaign=test-sump-pump","2026-10-11T17:00:00","sump pump test, wet basement, basement waterproofing, home maintenance tips, storm prep, homeowner checklist"
"Bad Yard Grading — an Easy Red Flag to Spot When House Hunting","https://plazzers.github.io/links/pins/walter/026-grading-toward-house.jpg","Buying a House: Red Flags","","Walk all the way around the house you're thinking of buying. The ground right next to the foundation should slope away. Soil, flower beds or patios that slope toward the house send rainwater to the basement walls. Also look at where the downspouts end. It's often fixable, but it tells you to look harder inside for water. More buyer red flags on Walter's Home Check.","https://plazzers.github.io/links/walter/?utm_source=pinterest&utm_medium=pin&utm_campaign=grading-toward-house","2026-10-11T21:00:00","yard grading, foundation drainage, buying a house tips, house hunting checklist, wet basement, home inspection"
"Water Heater Relief Valve — What to Look For","https://plazzers.github.io/links/pins/walter/007-water-heater-relief-valve.jpg","Home Maintenance Checklists","","Every tank water heater has a temperature and pressure relief valve, usually on the top or side, with a pipe running down toward the floor. That pipe should be open at the end, never capped or plugged. Drips, rust or white crust around the valve are worth a plumber's look. While you're there, check the label for the water heater's age. Quick water heater maintenance check from Walter's Home Check.","https://plazzers.github.io/links/walter/?utm_source=pinterest&utm_medium=pin&utm_campaign=water-heater-relief-valve","2026-10-12T13:00:00","water heater maintenance, relief valve, TPR valve, plumbing check, home maintenance tips, water heater safety"
"Musty Basement Smell — a Red Flag When Buying a House","https://plazzers.github.io/links/pins/walter/023-musty-basement.jpg","Buying a House: Red Flags","","At a showing, take a deep breath when you walk into the basement. A musty smell usually means moisture. Then look: white chalky deposits on the walls, rust on nails or the water heater base, stains at the bottom of walls, fresh paint low down, and a dehumidifier hard at work. Ask about water history and have it checked. House hunting tips from Walter's Home Check.","https://plazzers.github.io/links/walter/?utm_source=pinterest&utm_medium=pin&utm_campaign=musty-basement","2026-10-12T17:00:00","musty basement, wet basement, buying a house tips, house hunting checklist, home inspection, first time home buyer"
"When to Recaulk Your Bathtub (and Why It Matters)","https://plazzers.github.io/links/pins/walter/009-tub-caulk-check.jpg","Home Maintenance Checklists","","The caulk line around a tub or shower is a small thing that keeps water out of the wall. Look for gaps, cracks, peeling, or dark spots that won't clean off. If you see them, cut out the old caulk, clean and dry the joint completely, and run a fresh bead of kitchen-and-bath silicone. An easy weekend bathroom maintenance job that protects what's behind the tile. More quick checks on Walter's page.","https://plazzers.github.io/links/walter/?utm_source=pinterest&utm_medium=pin&utm_campaign=tub-caulk-check","2026-10-12T21:00:00","recaulk bathtub, bathroom caulk, shower maintenance, water damage prevention, home maintenance tips, DIY home repair"
"Old 9x9 Floor Tiles — Why to Test Before You Remove Them","https://plazzers.github.io/links/pins/walter/037-asbestos-floor-tiles.jpg","Older Homes","","Many older homes have 9-inch square vinyl floor tiles, often in basements and kitchens. Some tiles from that era, and the black adhesive under them, contain asbestos. Intact tiles are usually not a problem; breaking, sanding or scraping them is. Leave them in place or cover them, and have a sample tested before any removal. Check what else to look at for your home's age with Walter's free house-age tool.","https://plazzers.github.io/links/walter/house-age/?utm_source=pinterest&utm_medium=pin&utm_campaign=asbestos-floor-tiles","2026-10-13T13:00:00","asbestos floor tiles, 9x9 tiles, old house renovation, older home problems, basement remodel, house built in"
"How to Test a GFCI Outlet (a 5-Minute Home Safety Check)","https://plazzers.github.io/links/pins/walter/002-test-gfci-outlets.jpg","Home Maintenance Checklists","","GFCI outlets are the ones with TEST and RESET buttons, usually in kitchens, bathrooms, garages, laundry rooms and outside. Press TEST: the power should cut off with a click. Press RESET to bring it back. If it won't trip or won't reset, have an electrician take a look. Many makers suggest testing them monthly. A quick home safety check anyone can do. More five-minute checks on Walter's Home Check.","https://plazzers.github.io/links/walter/?utm_source=pinterest&utm_medium=pin&utm_campaign=test-gfci-outlets","2026-10-13T17:00:00","GFCI outlet test, electrical safety, home maintenance checklist, bathroom outlet, home safety tips, homeowner tips"
"Ceiling Water Stains — What Buyers Should Ask","https://plazzers.github.io/links/pins/walter/025-ceiling-stains.jpg","Buying a House: Red Flags","","A brown ring on a ceiling means water got there at some point. The question is whether it's an old, repaired leak or an active one. Look at what's above it: a bathroom, the roof, an AC unit, a chimney. Ask the seller when it happened and what was fixed, and have your inspector check it, ideally with a moisture meter. House hunting tips from Walter's Home Check.","https://plazzers.github.io/links/walter/?utm_source=pinterest&utm_medium=pin&utm_campaign=ceiling-stains","2026-10-13T21:00:00","ceiling water stain, roof leak, buying a house tips, home inspection, house hunting red flags, first time home buyer"
"Test Your Smoke and Carbon Monoxide Alarms (and Check the Date)","https://plazzers.github.io/links/pins/walter/006-test-smoke-co-alarms.jpg","Home Maintenance Checklists","","Press and hold the test button on every smoke alarm and carbon monoxide alarm in the house. Then take one down and look at the back: most have a manufacture date and the maker says how many years it's good for. Old alarms get replaced, not just new batteries. A two-minute home safety check that's worth putting on the calendar. More easy home safety checks on Walter's Home Check.","https://plazzers.github.io/links/walter/?utm_source=pinterest&utm_medium=pin&utm_campaign=test-smoke-co-alarms","2026-10-14T13:00:00","smoke alarm test, carbon monoxide detector, home safety checklist, fire safety, home maintenance, homeowner tips"
"Removing a Popcorn Ceiling? Test It for Asbestos First","https://plazzers.github.io/links/pins/walter/038-popcorn-ceiling.jpg","Older Homes","","Popcorn or cottage cheese ceilings were popular for decades, and some applied before the 1980s contain asbestos. You can't tell by looking. Before you scrape, sand or drill it, have a sample tested by a lab. If it's positive, leave it alone or hire a licensed abatement pro. A sensible first step for older home renovations. See what to check for your build year with Walter's free house-age tool.","https://plazzers.github.io/links/walter/house-age/?utm_source=pinterest&utm_medium=pin&utm_campaign=popcorn-ceiling","2026-10-14T17:00:00","popcorn ceiling removal, asbestos testing, older home problems, old house renovation, ceiling remodel, house built in"
"Downspout Extensions — the Easy Fix for a Wet Basement","https://plazzers.github.io/links/pins/walter/010-downspout-extensions.jpg","Home Maintenance Checklists","","Watch your downspouts next time it rains. If the water pours out right next to the foundation, it soaks the soil against your basement walls. A simple downspout extension or splash block that carries water several feet away from the house is one of the easiest ways to help keep a basement dry. Check that gutters aren't overflowing too. More rainy-day home checks on Walter's Home Check.","https://plazzers.github.io/links/walter/?utm_source=pinterest&utm_medium=pin&utm_campaign=downspout-extensions","2026-10-14T21:00:00","downspout extension, wet basement, gutter drainage, foundation water, home maintenance tips, rainy day home check"
"Signs of DIY Electrical Work to Spot Before You Buy a House","https://plazzers.github.io/links/pins/walter/024-diy-electrical.jpg","Buying a House: Red Flags","","Amateur electrical work is one of the more common things buyers miss. Look for extension cords stapled along walls, junction boxes without covers, loose outlets, outlets or switch plates that feel warm, and lights that flicker. In basements and garages, look for wiring that just doesn't look neat. Point it out to your inspector and consider an electrician's opinion. More buyer red flags on Walter's page.","https://plazzers.github.io/links/walter/?utm_source=pinterest&utm_medium=pin&utm_campaign=diy-electrical","2026-10-15T13:00:00","DIY electrical, electrical problems, buying a house tips, house hunting red flags, home inspection, first time home buyer"
"Check Your Washing Machine Hoses Before They Leak","https://plazzers.github.io/links/pins/walter/013-washing-machine-hoses.jpg","Home Maintenance Checklists","","The rubber hoses behind your washing machine are under water pressure all the time. Pull the machine out a little and look: bulges, cracks, stiffness or rust at the fittings mean it's time to replace them. Braided stainless hoses are a popular upgrade, and it's a good habit to know where the washer's shutoff valves are. A five-minute laundry room check. More quick home checks on Walter's page.","https://plazzers.github.io/links/walter/?utm_source=pinterest&utm_medium=pin&utm_campaign=washing-machine-hoses","2026-10-15T17:00:00","washing machine hoses, laundry room, water leak prevention, home maintenance checklist, plumbing tips, homeowner tips"
"Knob-and-Tube Wiring — How to Spot It in an Older Home","https://plazzers.github.io/links/pins/walter/041-knob-and-tube-wiring.jpg","Older Homes","","Knob-and-tube wiring was common in houses built roughly before the 1950s. Look in the attic and basement for single wires running on white ceramic knobs and through ceramic tubes. It has no ground wire, and decades of changes and buried insulation can make it a concern. Many insurers ask about it, so have an electrician evaluate it. Check what else to look at for your build year with Walter's free house-age tool.","https://plazzers.github.io/links/walter/house-age/?utm_source=pinterest&utm_medium=pin&utm_campaign=knob-and-tube-wiring","2026-10-15T21:00:00","knob and tube wiring, old house wiring, older home problems, electrical safety, buying an old house, house built in"
"The Food Coloring Test for a Silent Toilet Leak","https://plazzers.github.io/links/pins/walter/014-silent-toilet-leak.jpg","Home Maintenance Checklists","","A toilet can leak water into the bowl all day without making a sound. Test it: put a few drops of food coloring in the tank, don't flush, and wait about 15 minutes. If color shows up in the bowl, the flapper isn't sealing. Flappers are usually an easy DIY swap. Flush afterward so the color doesn't stain. A simple bathroom check that saves water. More easy home checks on Walter's Home Check.","https://plazzers.github.io/links/walter/?utm_source=pinterest&utm_medium=pin&utm_campaign=silent-toilet-leak","2026-10-16T13:00:00","toilet leak test, food coloring test, toilet flapper, save water, bathroom maintenance, DIY plumbing"
"Buying a Flipped House? Check What They Didn't Fix","https://plazzers.github.io/links/pins/walter/027-too-perfect-flip.jpg","Buying a House: Red Flags","","Flipped houses can look amazing: new floors, fresh paint, shiny kitchen. Look past it. Check the age of the roof, electrical panel, water heater, furnace and AC, and look at the foundation and attic. Ask for permits on the work that was done, and get your own full home inspection. A beautiful finish doesn't tell you about the systems underneath. Buyer tips from Walter's Home Check.","https://plazzers.github.io/links/walter/?utm_source=pinterest&utm_medium=pin&utm_campaign=too-perfect-flip","2026-10-16T17:00:00","buying a flipped house, house flip red flags, buying a house tips, home inspection, first time home buyer, house hunting"
"How to Tell When Your Furnace Filter Needs Changing","https://plazzers.github.io/links/pins/walter/004-check-furnace-filter.jpg","Home Maintenance Checklists","","An easy furnace filter check: slide it out and hold it up to a light. If you can barely see light through it, swap it. Match the size printed on the frame and point the airflow arrow toward the furnace. Write the date on the edge so you know when you changed it. A clean HVAC filter helps your system breathe and keeps dust down. Find more quick home maintenance checks on Walter's Home Check.","https://plazzers.github.io/links/walter/?utm_source=pinterest&utm_medium=pin&utm_campaign=check-furnace-filter","2026-10-16T21:00:00","furnace filter, HVAC filter, change air filter, home maintenance checklist, heating system, homeowner tips"
"Vermiculite Attic Insulation — What Older Home Owners Should Know","https://plazzers.github.io/links/pins/walter/039-vermiculite-insulation.jpg","Older Homes","","Look in the attic of an older home. If the insulation is loose, pebbly and gray-brown or silvery-gold, it may be vermiculite, and some vermiculite contains asbestos. Don't disturb it, don't store things up there, and don't try to remove it yourself. Have it tested and get a pro's advice before any attic work. More era-by-era checks in Walter's free house-age tool.","https://plazzers.github.io/links/walter/house-age/?utm_source=pinterest&utm_medium=pin&utm_campaign=vermiculite-insulation","2026-10-17T13:00:00","vermiculite insulation, attic insulation, asbestos, older home problems, old house tips, house built in"
"Garage Door Auto-Reverse Test Every Family Should Do","https://plazzers.github.io/links/pins/walter/008-garage-door-reverse-test.jpg","Home Maintenance Checklists","","Your automatic garage door should reverse if it hits something. Test it: lay a 2x4 flat on the floor under the door and press close. It should touch the board and go back up. Then wave something through the beam of the photo-eye sensors near the floor while it closes; it should stop and reverse. If either test fails, look at the opener manual or call a garage door pro. More simple safety checks on Walter's page.","https://plazzers.github.io/links/walter/?utm_source=pinterest&utm_medium=pin&utm_campaign=garage-door-reverse-test","2026-10-17T17:00:00","garage door safety, auto reverse test, garage door opener, home safety checklist, home maintenance, family safety"
"Sticking Doors and Sloping Floors — What They Can Mean","https://plazzers.github.io/links/pins/walter/028-sticking-doors.jpg","Buying a House: Red Flags","","At a showing, open and close every door. One that sticks in summer is usually humidity. Several doors that rub or won't latch, together with sloping floors, diagonal cracks at the corners of doors and windows, or gaps at the top of door frames, can point to movement in the house. It's worth having it looked at before you buy. House hunting tips from Walter's Home Check.","https://plazzers.github.io/links/walter/?utm_source=pinterest&utm_medium=pin&utm_campaign=sticking-doors","2026-10-17T21:00:00","sticking doors, sloping floors, foundation settling, buying a house tips, home inspection, house hunting red flags"
"Check Your Yard Grading to Keep Water Away From the Foundation","https://plazzers.github.io/links/pins/walter/011-check-yard-grading.jpg","Home Maintenance Checklists","","Good grading means the ground slopes away from your house so rain runs off instead of toward the foundation. Lay a long straight board on the ground pointing out from the wall, put a level on it, and see which way it tips. Low spots and flower beds that slope toward the house can be built back up with soil. An easy outside check for wet basement prevention. More outdoor home checks on Walter's page.","https://plazzers.github.io/links/walter/?utm_source=pinterest&utm_medium=pin&utm_campaign=check-yard-grading","2026-10-18T13:00:00","yard grading, foundation drainage, wet basement, landscaping slope, home maintenance tips, exterior home check"
"Aluminum Wiring in 1960s and 1970s Homes — What to Know","https://plazzers.github.io/links/pins/walter/042-aluminum-wiring.jpg","Older Homes","","Some homes built roughly from the mid-1960s to the mid-1970s have aluminum branch wiring. The concern is the connections at outlets, switches and splices, which can loosen and overheat over time. Look for ""AL"" printed on wire jackets in the panel or basement, and have an electrician check it; there are proven repair methods. Find more checks for your home's age in Walter's free house-age tool.","https://plazzers.github.io/links/walter/house-age/?utm_source=pinterest&utm_medium=pin&utm_campaign=aluminum-wiring","2026-10-18T17:00:00","aluminum wiring, 1970s house, older home problems, electrical safety, buying an old house, house built in"
"Disconnect Garden Hoses Before the First Freeze","https://plazzers.github.io/links/pins/walter/048-disconnect-garden-hoses.jpg","Winter Home Prep","","One of the easiest winter home prep jobs: disconnect, drain and store your garden hoses before the first hard freeze. A connected hose traps water in the outdoor faucet, where it can freeze and crack the pipe inside the wall, and you may not see the leak until spring. If you have an inside shutoff for the faucet, close it and drain the line. Walter's free Before the First Freeze checklist has the rest.","https://plazzers.github.io/links/walter/?utm_source=pinterest&utm_medium=pin&utm_campaign=disconnect-garden-hoses","2026-10-18T21:00:00","winterize outdoor faucet, garden hose, frozen pipes, winter home prep, fall home maintenance, before the first freeze"
"What to Look For in Your Attic After a Storm","https://plazzers.github.io/links/pins/walter/012-attic-after-storm.jpg","Home Maintenance Checklists","","After heavy rain or wind, take a flashlight into the attic (step only on the joists). Look at the underside of the roof for wet spots, dark stains, drips around vents and chimneys, and any daylight coming through. Feel the insulation for damp patches. Catching a small roof leak early is much easier than finding it on the ceiling later. More storm and roof checks on Walter's Home Check.","https://plazzers.github.io/links/walter/?utm_source=pinterest&utm_medium=pin&utm_campaign=attic-after-storm","2026-10-19T13:00:00","attic inspection, roof leak, storm damage, roof maintenance, home maintenance tips, after storm checklist"
"How to Check a Water Heater's Age Before You Buy a House","https://plazzers.github.io/links/pins/walter/030-water-heater-age-buyer.jpg","Buying a House: Red Flags","","The water heater's manufacture date is usually on the label, sometimes hidden in the serial number (look up the maker's code online). Rust around the base, water in the drain pan, or crust on the relief valve suggest it's near the end. It's not a deal breaker, but it's good to know before you move in. A quick house hunting check from Walter's Home Check.","https://plazzers.github.io/links/walter/?utm_source=pinterest&utm_medium=pin&utm_campaign=water-heater-age-buyer","2026-10-19T17:00:00","water heater age, buying a house tips, home inspection checklist, first time home buyer, house hunting, plumbing check"
"Polybutylene Pipes — How to Spot Them in Your Home","https://plazzers.github.io/links/pins/walter/043-polybutylene-pipes.jpg","Older Homes","","Polybutylene water pipe was used in many homes built roughly from the late 1970s to the mid-1990s. It's usually gray (sometimes blue or black), flexible, and often stamped PB2110. It has a history of failing without much warning. Look near the water heater, under sinks and where the main line enters. Ask a plumber about it, especially when buying. More checks by build year in Walter's free house-age tool.","https://plazzers.github.io/links/walter/house-age/?utm_source=pinterest&utm_medium=pin&utm_campaign=polybutylene-pipes","2026-10-19T21:00:00","polybutylene pipes, 1980s house, plumbing problems, older home problems, buying a house, house built in"
"Why to Clean Gutters After the Leaves Fall","https://plazzers.github.io/links/pins/walter/049-clean-gutters-fall.jpg","Winter Home Prep","","Clean your gutters once the trees are bare, not just in early fall. Clogged gutters overflow right at the foundation and can help ice dams form along the roof edge in winter. Scoop out the leaves, flush with a hose, and check that each downspout runs clear and empties away from the house. Use a sturdy ladder and a helper, or hire it out. More fall home maintenance tips on Walter's page.","https://plazzers.github.io/links/walter/?utm_source=pinterest&utm_medium=pin&utm_campaign=clean-gutters-fall","2026-10-20T13:00:00","gutter cleaning, fall home maintenance, ice dams, winter home prep, downspouts, fall checklist"
"Look Under Every Sink for a Slow Leak","https://plazzers.github.io/links/pins/walter/015-under-sink-check.jpg","Home Maintenance Checklists","","Slow drips under sinks can go unnoticed for months. Open each cabinet with a flashlight, run the water, and feel the pipes, the shutoff valves and the cabinet floor. Water stains, swollen or soft wood, rust, or a musty smell all point to a leak. Many small leaks are just a loose slip nut. Five minutes, every sink in the house. More quick home maintenance checks on Walter's page.","https://plazzers.github.io/links/walter/?utm_source=pinterest&utm_medium=pin&utm_campaign=under-sink-check","2026-10-20T17:00:00","under sink leak, plumbing check, water damage, kitchen sink, home maintenance checklist, homeowner tips"
"How to Tell If a Roof Is Near the End When Buying a House","https://plazzers.github.io/links/pins/walter/029-roof-age-question.jpg","Buying a House: Red Flags","","Ask the seller how old the roof is and whether there are receipts. Then look for yourself from the ground: curling or cupped shingles, missing pieces, bald spots, granules collecting in the gutters, and patches of different colored shingles. Inside, look for stains on top floor ceilings. A roof near the end of its life is a big item to plan for. More buyer checks on Walter's page.","https://plazzers.github.io/links/walter/?utm_source=pinterest&utm_medium=pin&utm_campaign=roof-age-question","2026-10-20T21:00:00","roof age, roof inspection, buying a house tips, house hunting checklist, first time home buyer, home inspection"
"Lead Paint in Homes Built Before 1978 — Test Before You Sand","https://plazzers.github.io/links/pins/walter/036-lead-paint-before-1978.jpg","Older Homes","","Homes built before 1978 may have lead-based paint somewhere under the newer layers. Intact paint is usually left alone; the risk comes from dust and chips when it's sanded, scraped or heat-stripped. Test before a project, using a certified lead inspector or an EPA-recognized test kit, and use lead-safe work practices. See what else to check for your home's build year with Walter's free house-age tool.","https://plazzers.github.io/links/walter/house-age/?utm_source=pinterest&utm_medium=pin&utm_campaign=lead-paint-before-1978","2026-10-21T13:00:00","lead paint, old house renovation, homes built before 1978, older home problems, home renovation safety, house built in"
"Test Your Furnace Before the First Cold Day","https://plazzers.github.io/links/pins/walter/052-test-heat-early.jpg","Winter Home Prep","","Don't wait for the first freezing night to find out your heat doesn't work. On a mild fall day, change the filter and run the heat for a while. A slight dusty smell the first time is common. Banging, squealing, a burning smell that doesn't fade, or no warm air means it's time for an HVAC service call, before everyone else calls too. More fall home prep on Walter's page.","https://plazzers.github.io/links/walter/?utm_source=pinterest&utm_medium=pin&utm_campaign=test-heat-early","2026-10-21T17:00:00","furnace maintenance, fall home maintenance, heating system, winter home prep, HVAC tips, fall checklist"
"How to Label Your Breaker Panel (Weekend Home Project)","https://plazzers.github.io/links/pins/walter/016-label-breaker-panel.jpg","Home Maintenance Checklists","","A breaker panel full of blank or faded labels makes every small problem harder. With a helper and a phone, switch off one breaker at a time and note which lights and outlets go dark. Write clear labels and tape a printed map inside the panel door. Leave the panel cover on and call an electrician for anything inside it. A satisfying weekend home project. More home checks on Walter's Home Check.","https://plazzers.github.io/links/walter/?utm_source=pinterest&utm_medium=pin&utm_campaign=label-breaker-panel","2026-10-21T21:00:00","label breaker panel, electrical panel, circuit breaker, weekend home project, home organization, homeowner tips"
"Foggy Double-Pane Windows — What Buyers Should Know","https://plazzers.github.io/links/pins/walter/031-foggy-windows.jpg","Buying a House: Red Flags","","If you see fog, haze or water droplets between the two panes of glass, the window's seal has failed. The window still works, but it insulates less and the haze won't clean off. During a showing, count how many windows are affected and look at the frames for rot or water stains. Good to know before you make an offer. More house hunting tips on Walter's Home Check.","https://plazzers.github.io/links/walter/?utm_source=pinterest&utm_medium=pin&utm_campaign=foggy-windows","2026-10-22T13:00:00","foggy windows, failed window seal, double pane windows, buying a house tips, home inspection, house hunting checklist"
"Old White Pipe Insulation in the Basement — Leave It Be","https://plazzers.github.io/links/pins/walter/040-old-pipe-wrap.jpg","Older Homes","","In many older homes, heating pipes and boilers are wrapped in white or gray insulation that looks like plaster or corrugated paper. Some of it contains asbestos. If it's intact, it's usually best left alone. If it's damaged, crumbling or in the way of a project, have it tested and handled by a licensed pro. See what else to check for your home's age with Walter's free house-age tool.","https://plazzers.github.io/links/walter/house-age/?utm_source=pinterest&utm_medium=pin&utm_campaign=old-pipe-wrap","2026-10-22T17:00:00","asbestos pipe insulation, old boiler, basement pipes, older home problems, old house tips, house built in"
"How to Keep Pipes From Freezing in a Cold Snap","https://plazzers.github.io/links/pins/walter/050-prevent-frozen-pipes.jpg","Winter Home Prep","","When a hard freeze is coming: open sink cabinet doors on outside walls so warm air reaches the pipes, let a faucet on an outside wall drip slowly, keep the garage door closed, and don't turn the heat way down if you travel. Know where your main water shutoff is in case a pipe does burst. Walter's free Before the First Freeze checklist covers the rest of winter prep.","https://plazzers.github.io/links/walter/?utm_source=pinterest&utm_medium=pin&utm_campaign=prevent-frozen-pipes","2026-10-22T21:00:00","prevent frozen pipes, winter home prep, cold weather tips, burst pipe, winter home maintenance, homeowner tips"
"5 Signs Your Roof Is Near the End of Its Life","https://plazzers.github.io/links/pins/walter/057-5-signs-roof-near-end.jpg","Home Maintenance Checklists","","How to tell if your roof is getting old, from the ground and the attic: curling or cupped shingles, bald spots and lots of granules in the gutters, missing or cracked shingles, water stains or daylight in the attic, and a sagging ridge. One sign alone may just need a repair; several together mean it's time to get a roofer's opinion and plan ahead. More home checks on Walter's page.","https://plazzers.github.io/links/walter/?utm_source=pinterest&utm_medium=pin&utm_campaign=5-signs-roof-near-end","2026-10-23T13:00:00","roof replacement signs, old roof, roof inspection, home maintenance checklist, roofing tips, homeowner tips"
"Check Your Fire Extinguisher Gauge (Takes 10 Seconds)","https://plazzers.github.io/links/pins/walter/017-fire-extinguisher-gauge.jpg","Home Maintenance Checklists","","Look at the small pressure gauge on your fire extinguisher: the needle should be in the green. Check that the pin and seal are in place and the hose isn't cracked. Look at the label for the date and the maker's guidance on replacing it. Keep one where you can grab it on the way out of the kitchen, not behind the stove. Quick home safety check from Walter's Home Check.","https://plazzers.github.io/links/walter/?utm_source=pinterest&utm_medium=pin&utm_campaign=fire-extinguisher-gauge","2026-10-23T17:00:00","fire extinguisher check, kitchen safety, home safety checklist, fire safety tips, home maintenance, family safety"
"Soft Floor Around the Toilet — a Hidden Leak Red Flag","https://plazzers.github.io/links/pins/walter/032-soft-bathroom-floor.jpg","Buying a House: Red Flags","","In every bathroom at a showing, gently press the floor around the toilet and in front of the tub with your foot. It should feel solid. A soft, spongy or bouncy spot, loose tiles, or stains around the base can mean water has been getting under the floor for a while. Check the ceiling below too. An easy house hunting check from Walter's Home Check.","https://plazzers.github.io/links/walter/?utm_source=pinterest&utm_medium=pin&utm_campaign=soft-bathroom-floor","2026-10-23T21:00:00","bathroom floor damage, toilet leak, water damage, buying a house tips, house hunting red flags, home inspection"
"Galvanized Water Pipes in Older Homes — Signs to Watch For","https://plazzers.github.io/links/pins/walter/044-galvanized-pipes.jpg","Older Homes","","Galvanized steel water pipes were common in homes built roughly before the 1960s. Over time they can rust and narrow from the inside. Clues: low water pressure, brownish water when a tap is first turned on, and rust at the joints. A magnet sticks to galvanized pipe but not to copper. A plumber can tell you how much life is left. See more checks for your home's age in Walter's free house-age tool.","https://plazzers.github.io/links/walter/house-age/?utm_source=pinterest&utm_medium=pin&utm_campaign=galvanized-pipes","2026-10-24T13:00:00","galvanized pipes, old plumbing, low water pressure, older home problems, old house tips, house built in"
"Big Icicles on Your Roof? What They Can Tell You About Ice Dams","https://plazzers.github.io/links/pins/walter/051-icicles-ice-dams.jpg","Winter Home Prep","","Big icicles and thick ice along the edge of the roof often mean an ice dam: heat leaks into the attic, melts snow higher up, and the water refreezes at the cold eaves. Water can back up under the shingles. The long-term fixes are usually air sealing and insulation in the attic, and good ventilation. Don't chip at ice from a ladder. More winter home tips on Walter's Home Check.","https://plazzers.github.io/links/walter/?utm_source=pinterest&utm_medium=pin&utm_campaign=icicles-ice-dams","2026-10-24T17:00:00","ice dams, icicles on roof, attic insulation, winter roof, winter home maintenance, roof leak"
"7 Things to Check Before Winter (Easy Winter Home Prep Checklist)","https://plazzers.github.io/links/pins/walter/056-7-checks-before-winter.jpg","Winter Home Prep","","A simple winter home prep checklist: disconnect garden hoses, clean the gutters and downspouts, change the furnace filter, test smoke and carbon monoxide alarms, seal drafts around doors and windows, find your main water shutoff, and check the attic for damp spots. Most take a few minutes. Save it for the weekend before the first freeze, or grab Walter's free Before the First Freeze checklist.","https://plazzers.github.io/links/walter/?utm_source=pinterest&utm_medium=pin&utm_campaign=7-checks-before-winter","2026-10-24T21:00:00","winter home checklist, winter home prep, fall home maintenance, winterize house, home maintenance checklist, before the first freeze"
"The Toilet Paper Test for Your Bathroom Exhaust Fan","https://plazzers.github.io/links/pins/walter/018-bathroom-fan-test.jpg","Home Maintenance Checklists","","A bathroom fan can be noisy and still move very little air. Turn it on and hold a single square of toilet paper up to the grille. It should be pulled up and held there. If not, the fan may be clogged with dust or the duct may be blocked or disconnected. A working bathroom exhaust fan helps keep moisture, peeling paint and mildew down. More easy checks on Walter's Home Check.","https://plazzers.github.io/links/walter/?utm_source=pinterest&utm_medium=pin&utm_campaign=bathroom-fan-test","2026-10-25T13:00:00","bathroom exhaust fan, bathroom mildew, moisture control, ventilation, home maintenance tips, bathroom tips"
"Strong Air Freshener at a Showing? Here's Why to Look Twice","https://plazzers.github.io/links/pins/walter/033-heavy-air-freshener.jpg","Buying a House: Red Flags","","A nice candle at an open house is normal. Strong scents in every room, especially basements and closets, can cover up odors like pet urine, smoke or dampness. Open closet doors and cabinets, smell the basement, and look at carpets and baseboards. If you're serious about the house, visit again at a different time of day. Buyer tips from Walter's Home Check.","https://plazzers.github.io/links/walter/?utm_source=pinterest&utm_medium=pin&utm_campaign=heavy-air-freshener","2026-10-25T17:00:00","house showing tips, buying a house tips, house hunting red flags, first time home buyer, home inspection, open house tips"
"Federal Pacific and Zinsco Panels — Why to Check Your Panel's Brand","https://plazzers.github.io/links/pins/walter/045-older-panel-brands.jpg","Older Homes","","The brand name is usually on the panel door or the label inside it. Some older panels, including Federal Pacific Electric (Stab-Lok breakers) and Zinsco, have known concerns, and some insurers ask about them. If yours is one of them, or just very old, have a licensed electrician take a look. Leave the cover on yourself. More checks for your home's build year in Walter's free house-age tool.","https://plazzers.github.io/links/walter/house-age/?utm_source=pinterest&utm_medium=pin&utm_campaign=older-panel-brands","2026-10-25T21:00:00","Federal Pacific panel, Zinsco panel, electrical panel, older home problems, electrical safety, house built in"
"Get Your Chimney Checked Before the First Fire of the Season","https://plazzers.github.io/links/pins/walter/053-chimney-check.jpg","Winter Home Prep","","Before you light the first fire of the season, have the chimney inspected and cleaned if needed; creosote builds up inside with use. Check that the damper opens and closes, the chimney cap is in place, and nothing is nesting up there. Keep a screen in front of the fire and the smoke and CO alarms working. More fall home safety checks on Walter's Home Check.","https://plazzers.github.io/links/walter/?utm_source=pinterest&utm_medium=pin&utm_campaign=chimney-check","2026-10-26T13:00:00","chimney inspection, fireplace safety, creosote, fall home maintenance, winter home prep, home safety"
"6 Things to Check at a House Showing (First-Time Buyer Checklist)","https://plazzers.github.io/links/pins/walter/058-6-things-at-a-showing.jpg","Buying a House: Red Flags","","A quick house showing checklist for buyers: look up for ceiling stains, open every sink cabinet, take a deep breath in the basement, run the taps and flush the toilets, find the electrical panel and water heater and check their age, and walk around outside to see which way the ground slopes. Your home inspector goes deeper. Walter's House Buyer's Red Flag Checklist has 50 more.","https://plazzers.github.io/links/walter/?utm_source=pinterest&utm_medium=pin&utm_campaign=6-things-at-a-showing","2026-10-26T17:00:00","house showing checklist, first time home buyer, buying a house tips, house hunting checklist, home inspection, open house tips"
"How to Clean Refrigerator Coils (Easy Kitchen Maintenance)","https://plazzers.github.io/links/pins/walter/019-vacuum-fridge-coils.jpg","Home Maintenance Checklists","","Refrigerator condenser coils collect dust and pet hair, which makes the fridge work harder to stay cold. Unplug it, find the coils (behind a grille at the bottom front or on the back), and vacuum them with a brush attachment or a coil brush. Check your manual for your model. A quick kitchen maintenance job most people never do. More simple home checks on Walter's page.","https://plazzers.github.io/links/walter/?utm_source=pinterest&utm_medium=pin&utm_campaign=vacuum-fridge-coils","2026-10-26T21:00:00","clean refrigerator coils, kitchen maintenance, appliance care, fridge maintenance, home maintenance checklist, cleaning tips"
"Checking the Furnace and AC When Buying a House","https://plazzers.github.io/links/pins/walter/034-old-hvac-no-records.jpg","Buying a House: Red Flags","","Find the furnace and the outdoor AC unit and look at the data plate for the age (often in the serial number). Look for a service sticker with recent dates and ask the seller for maintenance records. Rust, unusual noises or a unit that won't run in the right season are worth an HVAC technician's opinion before closing. A house hunting check from Walter's Home Check.","https://plazzers.github.io/links/walter/?utm_source=pinterest&utm_medium=pin&utm_campaign=old-hvac-no-records","2026-10-27T13:00:00","furnace age, AC unit, HVAC inspection, buying a house tips, first time home buyer, home inspection checklist"
"Two-Prong Outlets in an Older Home — the Safe Way to Upgrade","https://plazzers.github.io/links/pins/walter/046-two-prong-outlets.jpg","Older Homes","","Two-prong outlets are common in older homes and mean the circuit likely has no ground wire. A cheap three-prong adapter doesn't change that, and swapping in a three-prong outlet without a ground just hides it. Safer options: have an electrician add GFCI protection (labeled properly) or run a ground. A plug-in tester shows what you have. More checks by build year in Walter's free house-age tool.","https://plazzers.github.io/links/walter/house-age/?utm_source=pinterest&utm_medium=pin&utm_campaign=two-prong-outlets","2026-10-27T17:00:00","two prong outlets, ungrounded outlets, old house wiring, older home problems, electrical safety, house built in"
"Spring Home Maintenance — the After-Winter Walk-Around","https://plazzers.github.io/links/pins/walter/054-spring-walk-around.jpg","Home Maintenance Checklists","","Once the snow is gone, take a slow walk around the outside of your house. Look up at the roof and gutters for loose or missing shingles and sagging sections. Check caulk around windows and doors, peeling paint, cracked steps and walkways, and the soil along the foundation. Make a list and fix the small things before spring rains. More seasonal checklists on Walter's page.","https://plazzers.github.io/links/walter/?utm_source=pinterest&utm_medium=pin&utm_campaign=spring-walk-around","2026-10-27T21:00:00","spring home maintenance, spring checklist, exterior home check, after winter, home maintenance tips, roof inspection"
"5 Home Checks That Take Under 5 Minutes Each","https://plazzers.github.io/links/pins/walter/059-5-checks-under-5-minutes.jpg","Home Maintenance Checklists","","Quick home maintenance checks anyone can do today: press TEST on your GFCI outlets, hold the furnace filter up to the light, put food coloring in the toilet tank to find a silent leak, look under every sink for drips, and test the garage door's auto-reverse. Small checks that catch problems early. Want 25 of them in one go? Get Walter's free Weekend Home Check — 25 things in 30 minutes.","https://plazzers.github.io/links/walter/?utm_source=pinterest&utm_medium=pin&utm_campaign=5-checks-under-5-minutes","2026-10-28T13:00:00","home maintenance checklist, quick home checks, homeowner tips, new homeowner checklist, home safety, weekend home check"
"Seal Gaps Where Pipes and Wires Enter Your House","https://plazzers.github.io/links/pins/walter/020-seal-gaps-outside.jpg","Home Maintenance Checklists","","Walk around the outside of your house and look wherever something goes through the wall: hose faucets, AC lines, cable and phone wires, dryer vents, gas and electric lines. Gaps around them let in water, drafts, insects and mice. Seal small gaps with exterior caulk and larger ones with the right foam or a cover plate. An easy exterior home maintenance walk-around. More outside checks on Walter's page.","https://plazzers.github.io/links/walter/?utm_source=pinterest&utm_medium=pin&utm_campaign=seal-gaps-outside","2026-10-28T17:00:00","seal gaps, exterior caulk, pest prevention, drafty house, home maintenance tips, exterior home check"
"Why a Sewer Camera Inspection Is Worth It on an Older Home","https://plazzers.github.io/links/pins/walter/047-sewer-line-scope.jpg","Older Homes","","Many older homes have clay or cast-iron sewer lines running out to the street. Tree roots, cracks and sags happen out of sight, and a standard home inspection doesn't see inside the pipe. A sewer scope (camera inspection) by a plumber shows the line's condition before you buy. Slow drains and gurgling toilets are clues too. More checks for your home's age in Walter's free house-age tool.","https://plazzers.github.io/links/walter/house-age/?utm_source=pinterest&utm_medium=pin&utm_campaign=sewer-line-scope","2026-10-28T21:00:00","sewer scope inspection, sewer line, older home problems, buying an old house, home inspection, house built in"
"Mulch and Soil Against Siding — a House Hunting Red Flag","https://plazzers.github.io/links/pins/walter/035-mulch-against-siding.jpg","Buying a House: Red Flags","","Siding and trim should sit a few inches above the soil and mulch. When dirt is piled right against them, wood stays wet and insects have an easy way in. At a showing, look at the bottom of the siding and gently press the lowest trim boards and door frames. Soft or crumbly wood is worth pointing out to your home inspector. More buyer red flags on Walter's Home Check.","https://plazzers.github.io/links/walter/?utm_source=pinterest&utm_medium=pin&utm_campaign=mulch-against-siding","2026-10-29T13:00:00","wood rot, siding damage, termite signs, buying a house tips, house hunting checklist, home inspection"
"Spring AC Prep — Give Your Outdoor Unit Room to Breathe","https://plazzers.github.io/links/pins/walter/055-ac-unit-spring.jpg","Home Maintenance Checklists","","Before the first hot day, look at your outdoor AC unit. Clear leaves and debris, trim plants back a couple of feet, and check that it sits level. Change the indoor filter, then run the AC for a while on a warm day to make sure it cools. Odd noises or warm air? Schedule service before the summer rush. More seasonal home maintenance on Walter's Home Check.","https://plazzers.github.io/links/walter/?utm_source=pinterest&utm_medium=pin&utm_campaign=ac-unit-spring","2026-10-29T17:00:00","AC maintenance, spring home maintenance, air conditioner, HVAC tips, spring checklist, home maintenance tips"
"6 Things to Ask About When Buying an Older Home","https://plazzers.github.io/links/pins/walter/060-6-things-older-home.jpg","Older Homes","","Buying or living in an older house? Things worth asking about, depending on when it was built: lead paint (before 1978), asbestos in materials like old tiles and pipe wrap, knob-and-tube wiring, aluminum wiring (roughly mid-60s to mid-70s), galvanized or polybutylene pipes, and the condition of the sewer line. Pick your build year in Walter's free house-age tool for a tailored checklist.","https://plazzers.github.io/links/walter/house-age/?utm_source=pinterest&utm_medium=pin&utm_campaign=6-things-older-home","2026-10-29T21:00:00","buying an old house, older home problems, old house checklist, home inspection, house built in, first time home buyer"
